2025.03.18,03:30,3012.794,3012.922,3010.079,3010.661,1487
2025.03.18,03:45,3010.656,3012.444,3010.418,3011.333,1017
2025.03.18,04:00,3011.340,3012.316,3011.256,3011.954,863
2025.03.18,04:15,3011.944,3013.625,3011.413,3013.510,1051
2025.03.18,04:30,3013.534,3015.048,3013.055,3013.943,1211
2025.03.18,04:45,3013.934,3017.137,3013.751,3014.502,1461
2025.03.18,05:00,3014.475,3014.895,3011.546,3011.926,1278
2025.03.18,05:15,3011.905,3012.096,3006.066,3007.472,1986
2025.03.18,05:30,3007.508,3013.536,3006.931,3013.391,2228
2025.03.18,05:45,3013.381,3014.097,3011.467,3012.038,1666
2025.03.18,06:00,3012.056,3017.248,3011.209,3015.231,2417
2025.03.18,06:15,3015.297,3016.239,3010.626,3011.878,1861
2025.03.18,06:30,3011.884,3013.770,3011.657,3013.582,1450
2025.03.18,06:45,3013.655,3017.765,3013.410,3015.746,2222
2025.03.18,07:00,3015.761,3018.662,3014.443,3018.199,1934
2025.03.18,07:15,3018.198,3018.955,3014.873,3016.878,2126
2025.03.18,07:30,3016.830,3018.468,3016.286,3017.905,1509
2025.03.18,07:45,3017.933,3017.986,3015.368,3016.438,1578
2025.03.18,08:00,3016.486,3019.726,3016.345,3019.695,1920
2025.03.18,08:15,3019.623,3025.459,3019.528,3024.341,1845
2025.03.18,08:30,3024.317,3027.308,3023.862,3026.638,2148
2025.03.18,08:45,3026.634,3027.237,3025.022,3026.614,1513
2025.03.18,09:00,3026.653,3028.540,3024.407,3024.587,1812
2025.03.18,09:15,3024.586,3025.473,3022.878,3023.216,1557
2025.03.18,09:30,3023.241,3023.751,3019.673,3021.438,2187
2025.03.18,09:45,3021.469,3022.367,3018.141,3020.292,2090
2025.03.18,10:00,3020.216,3025.142,3019.590,3025.054,1890
2025.03.18,10:15,3025.060,3025.702,3023.393,3024.007,1767
2025.03.18,10:30,3024.038,3024.722,3020.626,3023.357,2018
2025.03.18,10:45,3023.441,3025.436,3023.016,3023.951,1566
2025.03.18,11:00,3023.995,3024.889,3022.395,3022.483,1693
2025.03.18,11:15,3022.453,3026.261,3022.356,3024.496,1665
2025.03.18,11:30,3024.570,3029.461,3024.323,3027.879,1492
2025.03.18,11:45,3027.769,3027.769,3024.073,3026.839,1605
2025.03.18,12:00,3026.842,3031.160,3026.815,3030.054,2786
2025.03.18,12:15,3030.134,3031.414,3026.779,3028.656,2911
2025.03.18,12:30,3028.633,3034.711,3027.808,3033.548,2803
2025.03.18,12:45,3033.557,3035.843,3033.523,3034.290,2068
2025.03.18,13:00,3034.330,3036.633,3033.256,3034.528,3549
2025.03.18,13:15,3034.554,3037.615,3033.488,3035.501,2810
2025.03.18,13:30,3035.550,3038.334,3026.191,3027.820,7173
2025.03.18,13:45,3027.864,3037.637,3027.569,3033.245,5946
2025.03.18,14:00,3033.194,3033.194,3025.182,3025.987,6253
2025.03.18,14:15,3026.066,3029.719,3024.720,3029.148,5288
2025.03.18,14:30,3029.091,3030.936,3027.379,3028.699,3760
2025.03.18,14:45,3028.656,3030.551,3025.575,3027.890,3456
2025.03.18,15:00,3027.939,3029.464,3025.183,3029.024,3997
2025.03.18,15:15,3028.968,3032.289,3026.800,3031.490,2725
2025.03.18,15:30,3031.561,3031.963,3029.901,3031.755,2760
2025.03.18,15:45,3031.777,3032.607,3029.717,3031.758,1982
2025.03.18,16:00,3031.719,3033.304,3030.453,3033.136,1995
2025.03.18,16:15,3033.175,3035.548,3032.126,3035.365,2092
2025.03.18,16:30,3035.377,3036.669,3034.097,3035.278,2151
2025.03.18,16:45,3035.253,3036.948,3033.733,3036.003,1832
2025.03.18,17:00,3036.048,3036.312,3034.661,3034.772,1662
2025.03.18,17:15,3034.751,3035.189,3030.824,3032.836,2690
2025.03.18,17:30,3032.799,3032.942,3029.777,3032.381,2537
2025.03.18,17:45,3032.411,3033.509,3032.335,3032.598,1331
2025.03.18,18:00,3032.606,3033.448,3032.455,3033.317,1274
2025.03.18,18:15,3033.378,3033.412,3032.472,3033.355,1027
2025.03.18,18:30,3033.379,3036.334,3033.349,3035.382,1452
2025.03.18,18:45,3035.377,3036.192,3035.331,3035.783,1318
2025.03.18,19:00,3035.741,3036.852,3035.368,3036.494,986
2025.03.18,19:15,3036.520,3037.935,3035.702,3037.127,1275
2025.03.18,19:30,3037.125,3037.761,3037.055,3037.165,1240
2025.03.18,19:45,3037.144,3037.488,3035.142,3035.615,1763
2025.03.18,20:00,3035.643,3035.974,3034.399,3034.844,826
2025.03.18,20:15,3034.836,3035.080,3033.865,3034.723,673
2025.03.18,20:30,3034.698,3035.221,3033.341,3033.937,685
2025.03.18,20:45,3033.901,3034.792,3033.591,3034.074,567
2025.03.18,22:01,3034.025,3034.185,3032.602,3033.107,689
2025.03.18,22:16,3033.130,3034.081,3032.659,3033.689,563
2025.03.18,22:31,3033.687,3034.149,3033.198,3033.839,496
2025.03.18,22:46,3033.835,3035.027,3033.623,3034.927,542
2025.03.18,23:01,3034.920,3035.099,3033.311,3033.338,671
2025.03.18,23:16,3033.342,3033.472,3031.945,3032.121,915
2025.03.18,23:31,3032.179,3033.692,3032.173,3033.406,482
2025.03.18,23:46,3033.477,3033.840,3031.512,3031.774,754
2025.03.19,00:00,3031.801,3031.825,3030.515,3031.076,1094
2025.03.19,00:15,3031.108,3033.859,3030.541,3033.461,1065
2025.03.19,00:30,3033.454,3033.993,3032.212,3032.886,738
2025.03.19,00:45,3032.940,3033.233,3031.300,3031.479,740
2025.03.19,01:00,3031.476,3032.677,3029.138,3029.138,1604
2025.03.19,01:15,3029.196,3029.996,3028.021,3029.769,966
2025.03.19,01:30,3029.768,3029.768,3027.600,3027.956,1207
2025.03.19,01:45,3027.973,3029.540,3027.320,3029.362,1370
2025.03.19,02:00,3029.406,3032.400,3028.980,3031.357,1649
2025.03.19,02:15,3031.322,3031.848,3029.713,3029.781,1151
2025.03.19,02:30,3029.712,3033.278,3029.637,3032.627,1822
2025.03.19,02:45,3032.638,3033.863,3032.339,3033.337,1396
2025.03.19,03:00,3033.372,3035.576,3032.316,3034.830,1420
2025.03.19,03:15,3034.780,3035.722,3034.081,3034.534,1197
2025.03.19,03:30,3034.554,3036.151,3033.934,3035.454,1152
2025.03.19,03:45,3035.423,3039.029,3035.381,3036.325,1650
2025.03.19,04:00,3036.291,3036.425,3034.256,3035.173,1290
2025.03.19,04:15,3035.181,3037.669,3034.825,3036.916,1206
2025.03.19,04:30,3036.889,3037.069,3035.632,3036.219,941
2025.03.19,04:45,3036.229,3036.901,3034.841,3036.386,1178
2025.03.19,05:00,3036.387,3038.838,3036.387,3038.405,1428
2025.03.19,05:15,3038.463,3039.310,3037.131,3037.482,1231
2025.03.19,05:30,3037.454,3043.076,3037.157,3041.447,2417
2025.03.19,05:45,3041.514,3045.362,3041.386,3044.504,1881
2025.03.19,06:00,3044.503,3044.734,3037.026,3038.624,2494
2025.03.19,06:15,3038.588,3040.929,3034.482,3036.779,3427
2025.03.19,06:30,3036.782,3040.263,3034.614,3039.952,2616
2025.03.19,06:45,3039.944,3044.008,3039.758,3042.096,2211
2025.03.19,07:00,3042.176,3042.899,3039.333,3039.852,2266
2025.03.19,07:15,3039.855,3040.752,3037.861,3040.143,1966
2025.03.19,07:30,3040.248,3041.913,3038.277,3039.596,2286
2025.03.19,07:45,3039.569,3039.569,3035.617,3035.896,2492
2025.03.19,08:00,3035.949,3037.074,3031.563,3032.553,2468
2025.03.19,08:15,3032.598,3034.722,3032.056,3033.385,1824
2025.03.19,08:30,3033.409,3033.890,3027.172,3027.985,2866
2025.03.19,08:45,3028.026,3029.174,3024.732,3025.156,2108
2025.03.19,09:00,3025.129,3027.421,3022.744,3025.848,2670
2025.03.19,09:15,3025.874,3028.535,3025.548,3027.935,1584
2025.03.19,09:30,3028.010,3030.141,3027.442,3029.897,1566
2025.03.19,09:45,3029.871,3031.347,3029.114,3030.406,1606
2025.03.19,10:00,3030.483,3030.483,3028.320,3029.482,1192
2025.03.19,10:15,3029.406,3036.453,3029.388,3035.666,1858
2025.03.19,10:30,3035.630,3037.954,3034.229,3037.488,1708
2025.03.19,10:45,3037.518,3037.616,3033.798,3034.624,1533
2025.03.19,11:00,3034.612,3036.374,3033.732,3036.300,1214
2025.03.19,11:15,3036.337,3039.442,3035.512,3039.377,1253
2025.03.19,11:30,3039.383,3039.889,3037.879,3039.672,1343
2025.03.19,11:45,3039.678,3039.949,3038.197,3038.955,1453
2025.03.19,12:00,3038.931,3040.072,3038.011,3039.473,1532
2025.03.19,12:15,3039.435,3039.885,3036.879,3037.141,1937
2025.03.19,12:30,3037.142,3040.232,3036.218,3039.617,2018
2025.03.19,12:45,3039.694,3041.155,3036.929,3037.127,2092
2025.03.19,13:00,3037.226,3038.287,3034.351,3034.594,3101
2025.03.19,13:15,3034.541,3036.399,3032.984,3034.081,2855
2025.03.19,13:30,3034.057,3034.761,3027.690,3029.441,5232
2025.03.19,13:45,3029.485,3034.711,3027.999,3033.380,3801
2025.03.19,14:00,3033.344,3033.344,3027.020,3028.277,3891
2025.03.19,14:15,3028.297,3030.360,3025.845,3030.328,3074
2025.03.19,14:30,3030.324,3031.978,3028.079,3029.920,2449
2025.03.19,14:45,3029.838,3030.800,3026.690,3027.585,2473
2025.03.19,15:00,3027.556,3032.513,3026.802,3031.406,2464
2025.03.19,15:15,3031.430,3033.099,3029.976,3032.069,2008
2025.03.19,15:30,3032.031,3032.214,3029.455,3029.790,1735
2025.03.19,15:45,3029.820,3032.600,3029.820,3031.458,1791
2025.03.19,16:00,3031.482,3035.790,3031.307,3034.592,1926
2025.03.19,16:15,3034.618,3038.347,3034.450,3036.377,1874
2025.03.19,16:30,3036.424,3037.136,3034.008,3034.401,1469
2025.03.19,16:45,3034.413,3035.522,3031.294,3032.973,1826
2025.03.19,17:00,3033.056,3034.224,3031.571,3032.577,1966
2025.03.19,17:15,3032.539,3034.017,3031.065,3032.944,2077
2025.03.19,17:30,3032.986,3033.501,3029.850,3030.609,1817
2025.03.19,17:45,3030.646,3030.991,3029.363,3030.371,1737
2025.03.19,18:00,3030.378,3039.784,3029.993,3038.614,5096
2025.03.19,18:15,3038.567,3041.265,3036.963,3037.604,3385
2025.03.19,18:30,3037.602,3048.715,3037.602,3047.900,4068
2025.03.19,18:45,3047.928,3048.551,3042.374,3046.769,3814
2025.03.19,19:00,3046.809,3051.996,3045.907,3047.286,3728
2025.03.19,19:15,3047.310,3048.238,3040.994,3042.213,3562
2025.03.19,19:30,3042.192,3047.718,3041.973,3046.922,2598
2025.03.19,19:45,3046.974,3048.576,3045.830,3047.858,3383
2025.03.19,20:00,3047.818,3048.253,3044.450,3046.203,1262
2025.03.19,20:15,3046.189,3046.406,3045.364,3046.050,896
2025.03.19,20:30,3046.007,3046.112,3044.205,3045.053,1012
2025.03.19,20:45,3045.047,3047.933,3044.914,3047.282,738
2025.03.19,22:01,3048.924,3050.635,3047.086,3049.757,2161
2025.03.19,22:16,3049.766,3049.845,3047.260,3048.855,826
2025.03.19,22:31,3048.894,3049.947,3048.679,3049.164,576
2025.03.19,22:46,3049.169,3050.368,3049.044,3049.891,544
2025.03.19,23:01,3049.930,3050.017,3048.794,3049.641,579
2025.03.19,23:16,3049.701,3050.527,3049.344,3049.969,535
2025.03.19,23:31,3050.018,3050.211,3049.034,3049.728,610
2025.03.19,23:46,3049.739,3051.335,3049.632,3050.026,595
2025.03.20,00:00,3050.023,3054.453,3050.023,3052.177,1895
2025.03.20,00:15,3052.204,3055.489,3050.778,3053.685,1632
2025.03.20,00:30,3053.646,3053.895,3051.017,3052.833,1617
2025.03.20,00:45,3052.757,3053.545,3051.473,3053.185,1966
2025.03.20,01:00,3053.222,3055.429,3050.289,3054.727,4348
2025.03.20,01:15,3054.721,3056.200,3053.327,3054.182,3173
2025.03.20,01:30,3054.184,3055.495,3052.483,3053.357,2469
2025.03.20,01:45,3053.367,3053.828,3049.409,3049.654,2351
2025.03.20,02:00,3049.626,3052.064,3048.365,3051.313,2781
2025.03.20,02:15,3051.351,3052.191,3050.352,3050.813,1769
2025.03.20,02:30,3050.883,3051.503,3047.021,3047.814,2029
2025.03.20,02:45,3047.769,3047.871,3045.028,3045.694,2112
2025.03.20,03:00,3045.637,3048.526,3045.410,3048.490,2214
2025.03.20,03:15,3048.516,3049.580,3047.344,3048.553,1741
2025.03.20,03:30,3048.503,3050.324,3048.100,3048.100,1393
2025.03.20,03:45,3048.075,3050.452,3047.967,3049.964,1488
2025.03.20,04:00,3050.068,3050.087,3048.151,3049.648,1041
2025.03.20,04:15,3049.597,3053.549,3049.172,3053.377,2122
2025.03.20,04:30,3053.425,3057.259,3053.284,3056.837,1984
2025.03.20,04:45,3056.863,3057.459,3052.180,3052.478,2248
2025.03.20,05:00,3052.523,3053.604,3050.788,3052.019,2041
2025.03.20,05:15,3052.113,3053.022,3046.822,3048.875,2684
2025.03.20,05:30,3048.868,3048.931,3044.918,3046.697,2474
2025.03.20,05:45,3046.775,3047.259,3044.873,3046.858,1808
2025.03.20,06:00,3046.829,3049.523,3045.675,3049.138,1811
2025.03.20,06:15,3049.140,3051.475,3048.525,3049.615,1898
2025.03.20,06:30,3049.589,3050.771,3045.729,3050.215,2211
2025.03.20,06:45,3050.218,3050.413,3048.481,3049.134,1711
2025.03.20,07:00,3048.999,3048.999,3045.097,3046.680,1851
2025.03.20,07:15,3046.607,3047.010,3044.298,3046.792,1900
2025.03.20,07:30,3046.801,3047.822,3044.636,3045.242,2269
2025.03.20,07:45,3045.153,3045.153,3041.780,3042.232,2480
2025.03.20,08:00,3042.268,3043.968,3040.469,3042.478,1894
2025.03.20,08:15,3042.564,3042.626,3038.610,3040.079,2372
2025.03.20,08:30,3040.052,3042.448,3039.694,3040.033,1888
2025.03.20,08:45,3040.099,3043.273,3038.912,3041.815,1938
2025.03.20,09:00,3041.781,3044.203,3040.897,3043.167,1774
2025.03.20,09:15,3043.088,3045.767,3043.088,3044.603,1916
2025.03.20,09:30,3044.721,3046.241,3043.988,3044.618,1856
2025.03.20,09:45,3044.644,3044.731,3040.527,3041.489,2355
2025.03.20,10:00,3041.484,3041.484,3034.222,3034.672,2754
2025.03.20,10:15,3034.643,3034.645,3030.070,3030.070,3546
2025.03.20,10:30,3030.043,3030.043,3025.626,3028.337,4031
2025.03.20,10:45,3028.371,3035.506,3028.237,3034.181,4087
2025.03.20,11:00,3034.157,3034.703,3029.824,3031.504,2671
2025.03.20,11:15,3031.416,3033.578,3029.270,3032.578,2239
2025.03.20,11:30,3032.663,3033.192,3029.377,3030.834,2693
2025.03.20,11:45,3030.829,3035.095,3030.474,3034.433,2525
2025.03.20,12:00,3034.467,3036.410,3033.358,3036.143,2263
2025.03.20,12:15,3036.197,3038.039,3035.026,3036.974,3336
2025.03.20,12:30,3037.052,3041.832,3035.743,3040.599,3185
2025.03.20,12:45,3040.560,3042.279,3039.708,3040.885,3203
2025.03.20,13:00,3040.927,3041.069,3031.731,3033.312,4562
2025.03.20,13:15,3033.408,3034.116,3029.883,3030.887,4121
2025.03.20,13:30,3030.857,3037.603,3030.184,3034.720,4275
2025.03.20,13:45,3034.634,3036.867,3031.715,3032.828,3512
2025.03.20,14:00,3032.652,3036.046,3030.643,3035.112,3901
2025.03.20,14:15,3035.154,3036.736,3031.830,3032.917,3559
2025.03.20,14:30,3032.888,3038.517,3032.211,3038.273,2725
2025.03.20,14:45,3038.310,3040.852,3036.393,3040.224,2612
2025.03.20,15:00,3040.188,3041.903,3037.684,3039.573,2736
2025.03.20,15:15,3039.534,3041.081,3038.290,3040.295,2152
2025.03.20,15:30,3040.327,3040.688,3037.559,3039.250,2131
2025.03.20,15:45,3039.269,3041.804,3039.269,3040.765,1999
2025.03.20,16:00,3040.802,3041.992,3039.015,3041.871,2391
2025.03.20,16:15,3041.938,3043.229,3038.397,3038.613,2234
2025.03.20,16:30,3038.577,3039.096,3033.884,3034.925,2558
2025.03.20,16:45,3034.960,3039.214,3034.960,3038.308,1672
2025.03.20,17:00,3038.346,3040.091,3036.135,3037.135,1661
2025.03.20,17:15,3037.239,3039.470,3034.820,3035.843,1780
2025.03.20,17:30,3035.871,3039.566,3035.588,3039.352,1649
2025.03.20,17:45,3039.392,3041.872,3038.513,3041.654,1448
2025.03.20,18:00,3041.635,3045.165,3040.996,3045.072,1912
2025.03.20,18:15,3045.103,3045.382,3042.917,3044.565,1577
2025.03.20,18:30,3044.621,3044.648,3040.929,3042.480,1525
2025.03.20,18:45,3042.470,3044.964,3042.346,3043.459,1396
2025.03.20,19:00,3043.451,3044.572,3043.172,3044.079,1560
2025.03.20,19:15,3044.042,3045.773,3043.498,3045.021,1496
2025.03.20,19:30,3044.986,3045.878,3044.452,3045.370,1495
2025.03.20,19:45,3045.411,3046.094,3044.587,3044.587,1771
2025.03.20,20:00,3044.561,3045.769,3044.561,3045.298,875
2025.03.20,20:15,3045.295,3045.325,3044.218,3044.752,652
2025.03.20,20:30,3044.769,3045.802,3044.585,3045.199,765
2025.03.20,20:45,3045.163,3045.231,3044.283,3044.628,559
2025.03.20,22:01,3044.988,3045.030,3044.094,3044.273,601
2025.03.20,22:16,3044.299,3044.932,3043.622,3044.437,443
2025.03.20,22:31,3044.442,3044.494,3043.802,3043.823,317
2025.03.20,22:46,3043.821,3046.058,3043.517,3045.579,521
2025.03.20,23:01,3045.618,3046.039,3044.934,3045.812,549
2025.03.20,23:16,3045.787,3045.947,3044.476,3044.525,462
2025.03.20,23:31,3044.497,3045.541,3044.424,3045.367,596
2025.03.20,23:46,3045.387,3046.598,3045.126,3046.409,685
2025.03.21,00:00,3046.335,3047.435,3044.450,3044.560,1062
2025.03.21,00:15,3044.557,3044.598,3042.269,3043.772,1022
2025.03.21,00:30,3043.804,3044.754,3042.739,3043.649,968
2025.03.21,00:45,3043.654,3043.810,3042.534,3042.763,1118
2025.03.21,01:00,3042.826,3044.577,3041.905,3042.648,2005
2025.03.21,01:15,3042.689,3043.921,3040.762,3042.095,1416
2025.03.21,01:30,3042.128,3043.304,3038.691,3038.691,1742
2025.03.21,01:45,3038.715,3039.060,3035.901,3035.921,2594
2025.03.21,02:00,3035.896,3037.043,3034.724,3035.513,2171
2025.03.21,02:15,3035.469,3035.736,3034.180,3035.039,1670
2025.03.21,02:30,3034.992,3035.339,3033.788,3034.469,1914
2025.03.21,02:45,3034.478,3035.811,3033.851,3034.744,1708
2025.03.21,03:00,3034.702,3034.709,3031.159,3031.749,1897
2025.03.21,03:15,3031.710,3032.314,3030.329,3030.645,1616
2025.03.21,03:30,3030.647,3031.812,3029.974,3030.859,1316
2025.03.21,03:45,3030.858,3032.764,3030.268,3030.585,1409
2025.03.21,04:00,3030.539,3032.018,3029.176,3031.344,1435
2025.03.21,04:15,3031.340,3031.606,3029.906,3030.644,1138
2025.03.21,04:30,3030.619,3031.668,3030.181,3031.484,1158
2025.03.21,04:45,3031.476,3031.884,3027.857,3029.863,1402
2025.03.21,05:00,3029.842,3030.426,3027.122,3027.469,1107
2025.03.21,05:15,3027.466,3028.165,3026.635,3027.112,1183
2025.03.21,05:30,3027.151,3027.696,3021.553,3024.989,2983
2025.03.21,05:45,3024.946,3029.380,3024.016,3028.048,2906
2025.03.21,06:00,3028.086,3032.660,3027.451,3031.006,2453
2025.03.21,06:15,3031.054,3032.004,3030.528,3031.375,1555
2025.03.21,06:30,3031.339,3033.983,3031.142,3032.391,1763
2025.03.21,06:45,3032.440,3032.585,3028.120,3029.840,2297
2025.03.21,07:00,3029.766,3032.413,3028.079,3031.453,1612
2025.03.21,07:15,3031.481,3032.401,3029.632,3032.118,1708
2025.03.21,07:30,3032.119,3033.460,3030.093,3031.158,1629
2025.03.21,07:45,3031.120,3031.995,3029.523,3031.927,1561
2025.03.21,08:00,3032.025,3034.767,3029.543,3030.121,2076
2025.03.21,08:15,3030.127,3030.196,3027.049,3028.851,2123
2025.03.21,08:30,3028.876,3033.739,3028.135,3033.424,1966
2025.03.21,08:45,3033.400,3034.475,3032.409,3032.974,1586
2025.03.21,09:00,3032.907,3033.162,3027.843,3030.087,1971
2025.03.21,09:15,3030.113,3031.419,3029.163,3030.607,1760
2025.03.21,09:30,3030.679,3030.940,3028.445,3028.973,1644
2025.03.21,09:45,3028.948,3030.325,3028.383,3029.650,1500
2025.03.21,10:00,3029.677,3033.438,3029.635,3032.764,1697
2025.03.21,10:15,3032.733,3033.298,3031.901,3032.132,1371
2025.03.21,10:30,3032.092,3032.911,3030.497,3032.154,1424
2025.03.21,10:45,3032.081,3033.486,3030.846,3030.852,1600
2025.03.21,11:00,3030.816,3032.178,3028.888,3032.124,1651
2025.03.21,11:15,3032.162,3032.346,3030.042,3031.448,1455
2025.03.21,11:30,3031.485,3034.954,3030.064,3034.933,1850
2025.03.21,11:45,3034.896,3037.694,3032.755,3034.332,2331
2025.03.21,12:00,3034.311,3038.045,3034.066,3035.537,2719
2025.03.21,12:15,3035.504,3036.187,3033.840,3035.199,2299
2025.03.21,12:30,3035.156,3036.021,3033.473,3034.791,2034
2025.03.21,12:45,3034.795,3038.128,3033.823,3034.020,2928
2025.03.21,13:00,3033.976,3036.851,3033.085,3035.816,2680
2025.03.21,13:15,3035.844,3036.439,3029.525,3029.912,3503
2025.03.21,13:30,3029.861,3029.994,3013.498,3014.830,11588
2025.03.21,13:45,3014.767,3016.514,3004.170,3006.615,10304
2025.03.21,14:00,3006.583,3007.389,2999.385,3003.808,9639
2025.03.21,14:15,3003.783,3009.517,3000.304,3008.123,7328
2025.03.21,14:30,3008.063,3011.038,3005.467,3009.554,5576
2025.03.21,14:45,3009.598,3016.718,3009.546,3015.712,4825
2025.03.21,15:00,3015.918,3017.888,3013.498,3013.864,3388
2025.03.21,15:15,3013.883,3017.001,3012.860,3014.061,3099
2025.03.21,15:30,3014.037,3014.378,3009.990,3013.256,3309
2025.03.21,15:45,3013.224,3014.080,3010.623,3011.072,2924
2025.03.21,16:00,3011.037,3015.512,3010.660,3014.082,3805
2025.03.21,16:15,3014.053,3016.173,3012.925,3014.810,2398
2025.03.21,16:30,3014.728,3017.040,3013.049,3013.507,2013
2025.03.21,16:45,3013.542,3016.363,3013.417,3015.165,1826
2025.03.21,17:00,3015.184,3017.829,3014.602,3016.921,1816
2025.03.21,17:15,3016.869,3018.224,3014.827,3015.501,2036
2025.03.21,17:30,3015.533,3016.055,3014.880,3015.063,1353
2025.03.21,17:45,3014.966,3015.992,3012.845,3013.714,1833
2025.03.21,18:00,3013.744,3015.967,3013.474,3015.566,1488
2025.03.21,18:15,3015.590,3019.510,3015.186,3018.968,1728
2025.03.21,18:30,3018.930,3021.588,3018.870,3020.501,1453
2025.03.21,18:45,3020.545,3021.356,3017.286,3017.431,1669
2025.03.21,19:00,3017.407,3021.306,3015.931,3020.903,1913
2025.03.21,19:15,3020.897,3022.049,3019.821,3020.525,1594
2025.03.21,19:30,3020.605,3021.494,3019.780,3020.559,1590
2025.03.21,19:45,3020.494,3020.890,3019.556,3020.001,1687
2025.03.21,20:00,3020.037,3021.456,3019.974,3021.148,879
2025.03.21,20:15,3021.124,3023.249,3020.947,3023.042,845
2025.03.21,20:30,3023.124,3024.110,3022.850,3023.153,795
2025.03.21,20:45,3023.131,3024.274,3022.612,3023.493,1251
2025.03.23,22:05,3023.441,3025.899,3022.143,3025.629,1107
2025.03.23,22:20,3025.648,3025.933,3022.431,3022.893,1014
2025.03.23,22:35,3022.883,3025.611,3022.529,3025.167,804
2025.03.23,22:50,3025.146,3026.119,3024.174,3024.436,1140
2025.03.23,23:05,3024.478,3026.292,3023.267,3025.816,1007
2025.03.23,23:20,3025.791,3026.109,3024.223,3024.639,641
2025.03.23,23:35,3024.646,3025.814,3024.574,3025.740,542
2025.03.23,23:50,3025.750,3026.081,3024.681,3024.721,532
2025.03.24,00:00,3024.709,3025.461,3023.087,3024.049,1289
2025.03.24,00:15,3024.056,3024.149,3022.337,3022.787,1092
2025.03.24,00:30,3022.751,3023.336,3021.083,3021.380,1738
2025.03.24,00:45,3021.324,3021.573,3017.075,3018.471,2320
2025.03.24,01:00,3018.513,3023.510,3018.281,3023.122,2621
2025.03.24,01:15,3023.165,3023.563,3020.316,3020.889,2824
2025.03.24,01:30,3020.855,3025.616,3020.735,3023.844,2490
2025.03.24,01:45,3023.854,3024.087,3020.639,3020.961,2010
2025.03.24,02:00,3020.987,3024.477,3020.701,3023.034,2476
2025.03.24,02:15,3023.110,3023.672,3022.349,3023.221,1672
2025.03.24,02:30,3023.183,3023.392,3017.109,3017.769,2059
2025.03.24,02:45,3017.789,3018.578,3013.646,3016.283,2907
2025.03.24,03:00,3016.328,3018.073,3016.134,3017.227,1814
2025.03.24,03:15,3017.223,3019.810,3016.809,3018.042,1653
2025.03.24,03:30,3018.000,3018.624,3015.676,3018.033,1736
2025.03.24,03:45,3018.031,3018.583,3016.517,3016.999,1220
2025.03.24,04:00,3017.048,3018.564,3016.524,3017.984,1291
2025.03.24,04:15,3017.956,3019.484,3017.364,3017.988,1073
2025.03.24,04:30,3017.948,3018.450,3017.253,3018.212,806
2025.03.24,04:45,3018.211,3020.081,3017.802,3019.493,1344
2025.03.24,05:00,3019.453,3023.050,3018.997,3022.488,1420
2025.03.24,05:15,3022.491,3023.202,3022.045,3022.683,1070
2025.03.24,05:30,3022.736,3023.141,3021.150,3021.258,1996
2025.03.24,05:45,3021.306,3022.615,3020.267,3022.080,1502
2025.03.24,06:00,3021.997,3022.677,3017.877,3018.447,1735
2025.03.24,06:15,3018.350,3022.532,3017.319,3022.352,1476
2025.03.24,06:30,3022.319,3024.876,3021.651,3024.651,1520
2025.03.24,06:45,3024.691,3025.716,3024.522,3025.042,1213
2025.03.24,07:00,3025.003,3026.484,3023.930,3025.543,1896
2025.03.24,07:15,3025.515,3028.903,3024.350,3025.075,2225
2025.03.24,07:30,3025.099,3025.261,3021.454,3022.614,1924
2025.03.24,07:45,3022.583,3023.228,3020.971,3022.361,2043
2025.03.24,08:00,3022.329,3025.318,3021.839,3024.741,2167
2025.03.24,08:15,3024.730,3024.954,3022.277,3023.332,1732
2025.03.24,08:30,3023.366,3027.691,3022.665,3027.052,2238
2025.03.24,08:45,3027.133,3028.951,3026.848,3028.827,2000
2025.03.24,09:00,3028.853,3030.992,3028.471,3030.298,1891
2025.03.24,09:15,3030.257,3030.700,3028.276,3029.198,1969
2025.03.24,09:30,3029.209,3029.585,3023.909,3024.883,1590
2025.03.24,09:45,3024.846,3025.007,3022.683,3023.614,1920
2025.03.24,10:00,3023.662,3027.744,3023.436,3027.744,2114
2025.03.24,10:15,3027.768,3033.133,3026.882,3032.642,2390
2025.03.24,10:30,3032.682,3033.226,3028.067,3029.524,2117
2025.03.24,10:45,3029.518,3029.901,3027.720,3028.089,1496
2025.03.24,11:00,3028.067,3029.222,3026.682,3027.174,1743
2025.03.24,11:15,3027.143,3027.986,3026.607,3027.159,1442
2025.03.24,11:30,3027.160,3027.381,3024.347,3025.340,1414
2025.03.24,11:45,3025.287,3026.264,3024.420,3024.642,1286
2025.03.24,12:00,3024.602,3026.291,3024.161,3026.230,1842
2025.03.24,12:15,3026.327,3028.651,3026.277,3026.657,2216
2025.03.24,12:30,3026.653,3027.541,3025.030,3026.346,1786
2025.03.24,12:45,3026.338,3026.338,3022.388,3024.227,2731
2025.03.24,13:00,3024.187,3027.654,3023.641,3027.368,2746
2025.03.24,13:15,3027.397,3028.302,3023.312,3024.485,2946
2025.03.24,13:30,3024.527,3026.054,3020.914,3022.081,3552
2025.03.24,13:45,3021.861,3026.010,3019.165,3022.485,3845
2025.03.24,14:00,3022.464,3024.112,3019.997,3023.383,3719
2025.03.24,14:15,3023.379,3023.689,3015.556,3016.565,3071
2025.03.24,14:30,3016.624,3017.008,3009.087,3010.588,5856
2025.03.24,14:45,3010.626,3014.199,3007.951,3012.134,3949
2025.03.24,15:00,3012.092,3012.318,3005.745,3010.682,5019
2025.03.24,15:15,3010.657,3012.881,3009.103,3009.775,3177
2025.03.24,15:30,3009.780,3015.332,3009.693,3014.605,2490
2025.03.24,15:45,3014.568,3015.239,3012.450,3014.036,2384
2025.03.24,16:00,3014.060,3015.604,3012.576,3012.772,2119
2025.03.24,16:15,3012.735,3013.226,3009.799,3011.570,2056
2025.03.24,16:30,3011.614,3012.075,3008.038,3009.191,2106
2025.03.24,16:45,3009.284,3011.210,3009.031,3009.757,2291
2025.03.24,17:00,3009.731,3009.846,3007.087,3008.732,2326
2025.03.24,17:15,3008.766,3009.948,3006.683,3009.608,2215
2025.03.24,17:30,3009.572,3009.572,3006.587,3007.647,1850
2025.03.24,17:45,3007.547,3008.059,3005.764,3007.030,1656
2025.03.24,18:00,3007.071,3007.853,3002.465,3003.540,2156
2025.03.24,18:15,3003.511,3005.061,3003.370,3004.365,2557
2025.03.24,18:30,3004.406,3007.644,3003.944,3007.545,2110
2025.03.24,18:45,3007.515,3008.083,3006.230,3006.761,1860
2025.03.24,19:00,3006.807,3008.013,3005.772,3007.124,1352
2025.03.24,19:15,3007.163,3008.219,3005.258,3005.368,1276
2025.03.24,19:30,3005.423,3006.807,3005.038,3006.518,1237
2025.03.24,19:45,3006.512,3006.758,3005.012,3006.133,1348
2025.03.24,20:00,3006.096,3007.683,3005.559,3007.328,661
2025.03.24,20:15,3007.324,3012.199,3007.147,3011.454,1033
2025.03.24,20:30,3011.456,3013.345,3011.273,3012.854,766
2025.03.24,20:45,3012.912,3014.630,3011.868,3011.868,914
2025.03.24,22:01,3011.722,3012.491,3010.442,3011.689,742
2025.03.24,22:16,3011.690,3012.163,3010.614,3010.723,746
2025.03.24,22:31,3010.691,3010.803,3009.362,3009.415,537
2025.03.24,22:46,3009.412,3012.313,3008.992,3011.604,752
2025.03.24,23:01,3011.579,3012.403,3011.153,3011.158,498
2025.03.24,23:16,3011.162,3012.132,3010.669,3012.132,676
2025.03.24,23:31,3012.061,3012.237,3009.372,3010.363,743
2025.03.24,23:46,3010.307,3010.710,3009.650,3009.910,699
2025.03.25,00:00,3009.945,3011.580,3008.983,3011.230,895
2025.03.25,00:15,3011.205,3011.878,3010.055,3010.517,912
2025.03.25,00:30,3010.547,3012.202,3010.547,3011.116,850
2025.03.25,00:45,3011.096,3014.945,3010.979,3014.177,1026
2025.03.25,01:00,3014.150,3014.589,3012.500,3012.734,2060
2025.03.25,01:15,3012.745,3013.491,3010.520,3012.334,1550
2025.03.25,01:30,3012.360,3014.451,3012.192,3014.210,1556
2025.03.25,01:45,3014.217,3014.565,3011.319,3011.897,1472
2025.03.25,02:00,3011.830,3011.891,3008.711,3011.246,1539
2025.03.25,02:15,3011.240,3012.296,3009.655,3010.175,1016
2025.03.25,02:30,3010.132,3011.591,3009.543,3010.637,1451
2025.03.25,02:45,3010.623,3010.970,3007.545,3009.143,1668
2025.03.25,03:00,3009.140,3012.624,3008.570,3012.433,1568
2025.03.25,03:15,3012.494,3014.940,3012.174,3014.395,1623
2025.03.25,03:30,3014.357,3016.215,3014.215,3016.064,1356
2025.03.25,03:45,3015.992,3015.992,3014.918,3015.248,996
2025.03.25,04:00,3015.284,3016.498,3014.680,3015.443,1278
2025.03.25,04:15,3015.481,3015.749,3014.737,3015.445,902
2025.03.25,04:30,3015.442,3016.333,3015.180,3015.241,911
2025.03.25,04:45,3015.260,3016.366,3015.150,3015.270,907
2025.03.25,05:00,3015.204,3019.083,3014.295,3018.471,1371
2025.03.25,05:15,3018.473,3021.060,3017.778,3020.079,1532
2025.03.25,05:30,3020.040,3020.040,3017.930,3018.485,1395
2025.03.25,05:45,3018.505,3019.382,3016.661,3018.334,1303
2025.03.25,06:00,3018.321,3018.686,3015.448,3016.666,1122
2025.03.25,06:15,3016.665,3017.331,3015.458,3016.721,1381
2025.03.25,06:30,3016.737,3017.398,3015.316,3015.548,1169
2025.03.25,06:45,3015.581,3018.545,3014.807,3017.781,1461
2025.03.25,07:00,3017.808,3018.148,3015.445,3017.141,1217
2025.03.25,07:15,3017.147,3017.241,3013.052,3014.693,1528
2025.03.25,07:30,3014.675,3016.388,3012.631,3013.109,1275
2025.03.25,07:45,3013.131,3013.493,3010.521,3011.130,1330
2025.03.25,08:00,3011.151,3015.250,3010.681,3013.597,1917
2025.03.25,08:15,3013.602,3018.110,3012.915,3017.934,1778
2025.03.25,08:30,3017.957,3020.383,3017.605,3019.958,2312
2025.03.25,08:45,3019.923,3021.933,3019.759,3021.320,1696
2025.03.25,09:00,3021.273,3021.452,3019.732,3021.190,1328
2025.03.25,09:15,3021.168,3021.827,3020.044,3021.119,1380
2025.03.25,09:30,3021.148,3021.419,3018.987,3021.203,1500
2025.03.25,09:45,3021.173,3023.561,3020.949,3023.263,1334
2025.03.25,10:00,3023.229,3024.866,3022.822,3023.862,1516
2025.03.25,10:15,3023.908,3024.412,3021.198,3021.397,1657
2025.03.25,10:30,3021.346,3023.882,3020.658,3023.139,1450
2025.03.25,10:45,3023.201,3024.484,3022.645,3023.541,1473
2025.03.25,11:00,3023.543,3024.970,3023.265,3024.206,1339
2025.03.25,11:15,3024.204,3025.458,3023.462,3025.126,1361
2025.03.25,11:30,3025.082,3026.436,3022.755,3023.498,1684
2025.03.25,11:45,3023.497,3023.720,3020.398,3020.775,1841
2025.03.25,12:00,3020.738,3021.953,3015.603,3018.039,2521
2025.03.25,12:15,3018.064,3018.807,3014.132,3016.672,2787
2025.03.25,12:30,3016.713,3020.067,3016.713,3018.809,3050
2025.03.25,12:45,3018.765,3023.204,3018.409,3021.798,1941
2025.03.25,13:00,3021.750,3025.119,3020.821,3024.301,2515
2025.03.25,13:15,3024.329,3024.598,3021.073,3023.302,2330
2025.03.25,13:30,3023.361,3030.637,3023.344,3027.776,5106
2025.03.25,13:45,3027.697,3030.237,3026.265,3028.813,3347
2025.03.25,14:00,3028.803,3035.978,3027.590,3032.330,4768
2025.03.25,14:15,3032.290,3033.830,3027.318,3028.053,4621
2025.03.25,14:30,3028.026,3030.800,3025.522,3030.287,3446
2025.03.25,14:45,3030.293,3030.698,3024.954,3024.980,2912
2025.03.25,15:00,3024.955,3028.049,3021.061,3023.034,3916
2025.03.25,15:15,3022.968,3023.566,3020.789,3022.712,2825
2025.03.25,15:30,3022.737,3025.065,3017.946,3023.154,3641
2025.03.25,15:45,3023.193,3023.291,3021.051,3021.561,1778
2025.03.25,16:00,3021.592,3024.343,3021.406,3023.945,2042
2025.03.25,16:15,3023.989,3024.193,3022.191,3022.540,1740
2025.03.25,16:30,3022.510,3024.680,3022.251,3023.989,1786
2025.03.25,16:45,3024.028,3025.531,3023.124,3023.192,1447
2025.03.25,17:00,3023.241,3023.341,3021.389,3021.971,1641
2025.03.25,17:15,3022.034,3023.130,3019.830,3021.413,2012
2025.03.25,17:30,3021.456,3022.653,3019.885,3022.079,1817
2025.03.25,17:45,3022.082,3022.965,3020.781,3022.636,1386
2025.03.25,18:00,3022.594,3022.861,3020.988,3022.161,1068
2025.03.25,18:15,3022.233,3022.398,3018.463,3018.884,1497
2025.03.25,18:30,3018.923,3019.460,3017.864,3018.737,1330
2025.03.25,18:45,3018.720,3019.182,3017.759,3018.555,1168
2025.03.25,19:00,3018.523,3019.603,3017.721,3019.523,968
2025.03.25,19:15,3019.517,3019.577,3018.652,3018.856,872
2025.03.25,19:30,3018.849,3020.118,3018.771,3020.019,1077
2025.03.25,19:45,3020.017,3020.680,3018.676,3019.590,1268
2025.03.25,20:00,3019.616,3020.290,3018.832,3020.052,632
2025.03.25,20:15,3020.055,3020.661,3019.831,3019.911,468
2025.03.25,20:30,3019.901,3020.463,3019.834,3020.274,441
2025.03.25,20:45,3020.230,3020.726,3019.807,3020.287,439
2025.03.25,22:01,3019.663,3022.497,3019.663,3021.742,859
2025.03.25,22:16,3021.669,3021.941,3020.318,3021.196,638
2025.03.25,22:31,3021.205,3021.498,3020.344,3020.830,451
2025.03.25,22:46,3020.793,3021.477,3020.627,3021.201,464
2025.03.25,23:01,3021.279,3021.655,3020.980,3021.252,515
2025.03.25,23:16,3021.231,3021.686,3020.747,3020.844,452
2025.03.25,23:31,3020.863,3021.811,3020.810,3021.280,423
2025.03.25,23:46,3021.279,3021.628,3020.504,3021.041,596
2025.03.26,00:00,3021.037,3021.671,3020.853,3021.305,768
2025.03.26,00:15,3021.267,3022.232,3020.532,3020.532,824
2025.03.26,00:30,3020.575,3021.275,3017.900,3018.092,1120
2025.03.26,00:45,3018.096,3019.056,3017.786,3018.125,1020
2025.03.26,01:00,3018.142,3018.938,3016.394,3018.647,2407
2025.03.26,01:15,3018.724,3020.315,3017.642,3018.519,2457
2025.03.26,01:30,3018.543,3022.694,3018.164,3022.625,2026
2025.03.26,01:45,3022.604,3025.515,3021.970,3024.766,1694
2025.03.26,02:00,3024.790,3026.290,3023.756,3025.179,2051
2025.03.26,02:15,3025.130,3026.265,3024.682,3026.136,1470
2025.03.26,02:30,3026.040,3027.135,3023.459,3023.467,2025
2025.03.26,02:45,3023.463,3024.745,3022.823,3024.249,1717
2025.03.26,03:00,3024.206,3024.206,3020.907,3020.920,1592
2025.03.26,03:15,3020.889,3021.222,3018.646,3018.646,1857
2025.03.26,03:30,3018.691,3019.437,3016.764,3018.812,1768
2025.03.26,03:45,3018.792,3018.993,3016.477,3017.542,1575
2025.03.26,04:00,3017.585,3017.606,3015.877,3016.900,1073
2025.03.26,04:15,3016.905,3017.679,3015.446,3015.683,1335
2025.03.26,04:30,3015.677,3015.702,3014.743,3014.978,870
2025.03.26,04:45,3014.987,3015.675,3014.249,3015.264,1036
2025.03.26,05:00,3015.232,3016.571,3013.218,3014.961,1590
2025.03.26,05:15,3015.059,3016.009,3014.836,3015.975,1065
2025.03.26,05:30,3016.000,3019.454,3015.465,3019.354,1773
2025.03.26,05:45,3019.379,3024.082,3018.838,3022.843,2273
2025.03.26,06:00,3022.819,3025.199,3022.087,3024.668,2724
2025.03.26,06:15,3024.642,3025.748,3023.184,3025.102,1874
2025.03.26,06:30,3025.040,3025.906,3024.158,3024.988,1681
2025.03.26,06:45,3024.987,3026.352,3024.722,3026.158,1415
2025.03.26,07:00,3026.125,3027.595,3025.021,3026.427,1406
2025.03.26,07:15,3026.417,3027.210,3025.273,3026.269,1584
2025.03.26,07:30,3026.253,3029.039,3026.213,3028.849,1548
2025.03.26,07:45,3028.809,3030.773,3028.624,3030.471,1675
2025.03.26,08:00,3030.509,3032.042,3028.916,3028.998,1742
2025.03.26,08:15,3028.958,3029.009,3026.317,3027.629,1768
2025.03.26,08:30,3027.604,3027.994,3026.123,3026.693,1205
2025.03.26,08:45,3026.682,3026.682,3023.610,3023.998,1551
2025.03.26,09:00,3024.033,3024.182,3021.199,3021.527,1824
2025.03.26,09:15,3021.524,3021.670,3019.649,3019.789,1541
2025.03.26,09:30,3019.818,3020.080,3017.543,3019.391,2185
2025.03.26,09:45,3019.333,3020.355,3017.681,3018.674,1703
2025.03.26,10:00,3018.704,3020.291,3016.886,3018.325,1543
2025.03.26,10:15,3018.314,3023.797,3018.284,3022.857,1691
2025.03.26,10:30,3022.831,3024.187,3021.399,3022.823,1420
2025.03.26,10:45,3022.810,3024.990,3021.063,3023.323,1514
2025.03.26,11:00,3023.227,3026.249,3023.227,3026.184,1360
2025.03.26,11:15,3026.179,3028.716,3025.905,3028.218,1607
2025.03.26,11:30,3028.219,3030.167,3027.695,3029.650,1030
